patient_id,age,sex
1,74,F
3,30,U
4,28,M
5,41,U
9,29,F
10,94,F
11,37,M
13,107,F
14,83,M
15,80,U
16,115,F
17,97,U
19,108,M
21,5,U
23,84,F
24,5,M
25,26,U
26,82,M
27,114,M
29,75,U
30,27,U
32,33,F
36,99,M
37,71,U
38,29,U
39,71,U
43,14,F
44,94,F
46,76,F
47,86,M
48,76,U
49,117,M
51,112,F
52,41,F
56,106,F
57,71,F
58,79,M
59,84,U
60,57,M
61,90,F
62,28,U
63,112,U
64,35,M
66,72,F
67,81,F
68,98,M
70,76,F
71,73,M
72,6,M
73,117,U
74,49,U
78,76,U
79,33,M
80,63,F
81,37,U
82,6,F
83,74,M
85,106,M
86,117,M
87,67,F
88,24,U
89,33,U
90,57,M
91,63,M
94,77,U
95,40,M
97,30,U
98,64,M
101,118,M
103,13,U
104,93,F
105,63,U
106,118,M
107,94,F
108,13,U
111,118,M
112,94,F
113,13,U
114,93,F
115,63,U
116,118,M
120,63,U
121,118,M
122,94,F
123,13,U
126,118,M
128,13,U
129,93,F
131,118,M
132,94,F
133,13,U
134,93,F
135,63,U
